# Switch centers in mm (origin = top-left of key well, +x right, +y down)
# Add 8mm board margin in X and 24mm in Y if using the starter Edge.Cuts.
label,x_u,y_u,w_u,cx_mm,cy_mm,row,col,extra
Esc,0,0,1,9.525,9.525,0,0,
1,1,0,1,28.575,9.525,0,1,
2,2,0,1,47.625,9.525,0,2,
3,3,0,1,66.675,9.525,0,3,
4,4,0,1,85.725,9.525,0,4,
5,5,0,1,104.775,9.525,0,5,
6,6,0,1,123.825,9.525,0,6,
7,7,0,1,142.875,9.525,0,7,
8,8,0,1,161.925,9.525,0,8,
9,9,0,1,180.975,9.525,0,9,
0,10,0,1,200.025,9.525,0,10,
-,11,0,1,219.075,9.525,0,11,
=,12,0,1,238.125,9.525,0,12,
Bksp,13,0,2,266.700,9.525,0,13,2u
Del,15,0,1,295.275,9.525,0,14,
Enc,16.25,0,1,319.088,9.525,,,encoder
Tab,0,1,1.5,14.288,28.575,1,0,
Q,1.5,1,1,38.100,28.575,1,1,
W,2.5,1,1,57.150,28.575,1,2,
E,3.5,1,1,76.200,28.575,1,3,
R,4.5,1,1,95.250,28.575,1,4,
T,5.5,1,1,114.300,28.575,1,5,
Y,6.5,1,1,133.350,28.575,1,6,
U,7.5,1,1,152.400,28.575,1,7,
I,8.5,1,1,171.450,28.575,1,8,
O,9.5,1,1,190.500,28.575,1,9,
P,10.5,1,1,209.550,28.575,1,10,
[,11.5,1,1,228.600,28.575,1,11,
],12.5,1,1,247.650,28.575,1,12,
\,13.5,1,1.5,271.463,28.575,1,13,
PgUp,15,1,1,295.275,28.575,1,14,
Caps,0,2,1.75,16.669,47.625,2,0,
A,1.75,2,1,42.863,47.625,2,1,
S,2.75,2,1,61.913,47.625,2,2,
D,3.75,2,1,80.963,47.625,2,3,
F,4.75,2,1,100.013,47.625,2,4,
G,5.75,2,1,119.062,47.625,2,5,
H,6.75,2,1,138.113,47.625,2,6,
J,7.75,2,1,157.162,47.625,2,7,
K,8.75,2,1,176.213,47.625,2,8,
L,9.75,2,1,195.263,47.625,2,9,
;,10.75,2,1,214.312,47.625,2,10,
',11.75,2,1,233.363,47.625,2,11,
Enter,12.75,2,2.25,264.319,47.625,2,12,2u
PgDn,15,2,1,295.275,47.625,2,14,
Shift,0,3,2.25,21.431,66.675,3,0,2u
Z,2.25,3,1,52.388,66.675,3,1,
X,3.25,3,1,71.438,66.675,3,2,
C,4.25,3,1,90.487,66.675,3,3,
V,5.25,3,1,109.538,66.675,3,4,
B,6.25,3,1,128.588,66.675,3,5,
N,7.25,3,1,147.638,66.675,3,6,
M,8.25,3,1,166.688,66.675,3,7,
,,9.25,3,1,185.738,66.675,3,8,
.,10.25,3,1,204.787,66.675,3,9,
/,11.25,3,1,223.838,66.675,3,10,
Shift,12.25,3,1.75,250.031,66.675,3,11,
Up,14,3,1,276.225,66.675,3,12,
End,15,3,1,295.275,66.675,3,14,
Ctrl,0,4,1.25,11.906,85.725,4,0,
Win,1.25,4,1.25,35.719,85.725,4,1,
Alt,2.5,4,1.25,59.531,85.725,4,2,
Space,3.75,4,6.25,130.969,85.725,4,3,6.25u
Alt,10,4,1,200.025,85.725,4,8,
Fn,11,4,1,219.075,85.725,4,9,
Ctrl,12,4,1,238.125,85.725,4,10,
Left,13,4,1,257.175,85.725,4,11,
Down,14,4,1,276.225,85.725,4,12,
Right,15,4,1,295.275,85.725,4,13,
